Trip ID,Name,Employee ID ,Airlines,Flight Number,Departure Date,Departure Time,Departure City,Arrival Date,Arrival Time,Arrival City
58196,"Bamfield,Carlota",100160,UNITED AIRLINES,801,1/30/2010,16:00:00,IAH,1/30/2010,19:00:00,DEN
58197,"Bamfield,Carlota",100160,SOUTHWEST AIRLINES CO. INC.,1614,3/31/2010,16:00:00,BUR,3/31/2010,21:00:00,SJC
58198,"Bamfield,Carlota",100160,CONTINENTAL AIRLINES,73,4/30/2010,16:00:00,IAH,4/30/2010,19:00:00,HNL
58199,"Bamfield,Carlota",100160,CONTINENTAL AIRLINES,73,4/30/2010,16:00:00,IAH,4/30/2010,21:00:00,HNL
58200,"Bamfield,Carlota",100160,UNITED AIRLINES,2064,4/30/2010,16:00:00,EWN,4/30/2010,19:00:00,CLT
58201,"Bamfield,Carlota",100160,DELTA AIR LINES INC.,4735,6/29/2010,16:00:00,MSP,6/29/2010,19:00:00,GFK
58202,"Bamfield,Carlota",100160,UNITED AIRLINES,3387,6/29/2010,16:00:00,RIC,6/29/2010,19:00:00,ORD
58203,"Bamfield,Carlota",100160,UNITED AIRLINES,464,10/27/2010,16:00:00,PDX,10/27/2010,21:00:00,ORD
58204,"Bamfield,Carlota",100160,UNITED AIRLINES,6425,10/27/2010,16:00:00,DEN,10/27/2010,19:00:00,OMA
58205,"Bamfield,Carlota",100160,SOUTHWEST AIRLINES CO. INC.,1614,12/26/2010,16:00:00,BUR,12/26/2010,21:00:00,SJC
58206,"Bamfield,Carlota",100160,UNITED AIRLINES,3387,2/24/2011,16:00:00,RIC,2/24/2011,19:00:00,ORD
58207,"Bamfield,Carlota",100160,SOUTHWEST AIRLINES CO. INC.,1300,3/26/2011,16:00:00,MSY,3/26/2011,21:00:00,DEN
58208,"Bamfield,Carlota",100160,DELTA AIR LINES INC.,1173,4/25/2011,16:00:00,ATL,4/25/2011,19:00:00,PNS
58209,"Bamfield,Carlota",100160,UNITED AIRLINES,801,4/25/2011,16:00:00,IAH,4/25/2011,21:00:00,DEN
58210,"Bamfield,Carlota",100160,US AIRWAYS,2628,4/25/2011,16:00:00,CLT,4/25/2011,19:00:00,DTW
58211,"Bamfield,Carlota",100160,DELTA AIR LINES INC.,2986,5/25/2011,16:00:00,DCA,5/25/2011,21:00:00,MSP
58212,"Bamfield,Carlota",100160,AMERICAN AIRLINES,1816,5/25/2011,16:00:00,DFW,5/25/2011,20:00:00,MEM
58213,"Bamfield,Carlota",100160,DELTA AIR LINES INC.,1187,5/25/2011,16:00:00,DTW,5/25/2011,20:00:00,ATL
58214,"Bamfield,Carlota",100160,UNITED AIRLINES,464,7/24/2011,16:00:00,PDX,7/24/2011,19:00:00,ORD
58215,"Bamfield,Carlota",100160,SOUTHWEST AIRLINES CO. INC.,1614,8/23/2011,16:00:00,BUR,8/23/2011,19:00:00,SJC
58216,"Bamfield,Carlota",100160,US AIRWAYS,660,8/23/2011,16:00:00,LAS,8/23/2011,19:00:00,PHX
58217,"Bamfield,Carlota",100160,AMERICAN AIRLINES,2697,9/22/2011,16:00:00,LIT,9/22/2011,20:00:00,DFW
58218,"Bamfield,Carlota",100160,DELTA AIR LINES INC.,4735,9/22/2011,16:00:00,MSP,9/22/2011,21:00:00,GFK
58219,"Bamfield,Carlota",100160,UNITED AIRLINES,3387,9/22/2011,16:00:00,RIC,9/22/2011,20:00:00,ORD
58220,"Bamfield,Carlota",100160,DELTA AIR LINES INC.,2071,9/22/2011,16:00:00,SEA,9/22/2011,20:00:00,SLC
58221,"Bamfield,Carlota",100160,SOUTHWEST AIRLINES CO. INC.,1614,10/22/2011,16:00:00,BUR,10/22/2011,21:00:00,SJC
58222,"Bamfield,Carlota",100160,US AIRWAYS,660,10/22/2011,16:00:00,LAS,10/22/2011,19:00:00,PHX
58223,"Bamfield,Carlota",100160,US AIRWAYS,2628,10/22/2011,16:00:00,CLT,10/22/2011,21:00:00,DTW
58224,"Bamfield,Carlota",100160,US AIRWAYS,660,10/22/2011,16:00:00,LAS,10/22/2011,19:00:00,PHX
58225,"Bamfield,Carlota",100160,DELTA AIR LINES INC.,1187,10/22/2011,16:00:00,DTW,10/22/2011,19:00:00,ATL
58226,"Bamfield,Carlota",100160,AMERICAN AIRLINES,2697,12/21/2011,16:00:00,LIT,12/21/2011,20:00:00,DFW
58227,"Bamfield,Carlota",100160,US AIRWAYS,660,12/21/2011,16:00:00,LAS,12/21/2011,19:00:00,PHX
58228,"Bamfield,Carlota",100160,DELTA AIR LINES INC.,2823,12/21/2011,16:00:00,MSP,12/21/2011,19:00:00,MCO
58229,"Bamfield,Carlota",100160,CONTINENTAL AIRLINES,73,12/21/2011,16:00:00,IAH,12/21/2011,20:00:00,HNL
58230,"Bamfield,Carlota",100160,UNITED AIRLINES,6425,3/20/2012,16:00:00,DEN,3/20/2012,20:00:00,OMA
58231,"Bamfield,Carlota",100160,AMERICAN AIRLINES,2317,4/19/2012,16:00:00,PHL,4/19/2012,21:00:00,ORD
58232,"Bamfield,Carlota",100160,UNITED AIRLINES,6727,7/18/2012,16:00:00,DEN,7/18/2012,21:00:00,SGF
58233,"Bamfield,Carlota",100160,US AIRWAYS,3775,8/17/2012,16:00:00,GSP,8/17/2012,21:00:00,CLT
58234,"Bamfield,Carlota",100160,UNITED AIRLINES,2064,8/17/2012,16:00:00,EWN,8/17/2012,19:00:00,CLT
58235,"Bamfield,Carlota",100160,UNITED AIRLINES,464,8/17/2012,16:00:00,PDX,8/17/2012,21:00:00,ORD
58236,"Bamfield,Carlota",100160,DELTA AIR LINES INC.,2071,8/17/2012,16:00:00,SEA,8/17/2012,19:00:00,SLC
58237,"Bamfield,Carlota",100160,US AIRWAYS,3775,8/17/2012,16:00:00,GSP,8/17/2012,19:00:00,CLT
58238,"Bamfield,Carlota",100160,AMERICAN AIRLINES,2697,10/16/2012,16:00:00,LIT,10/16/2012,20:00:00,DFW
58239,"Bamfield,Carlota",100160,UNITED AIRLINES,2064,10/16/2012,16:00:00,EWN,10/16/2012,19:00:00,CLT
58240,"Bamfield,Carlota",100160,UNITED AIRLINES,801,10/16/2012,16:00:00,IAH,10/16/2012,19:00:00,DEN
58241,"Bamfield,Carlota",100160,SOUTHWEST AIRLINES CO. INC.,1300,12/15/2012,16:00:00,MSY,12/15/2012,21:00:00,DEN
58242,"Bamfield,Carlota",100160,AMERICAN AIRLINES,2697,1/14/2013,16:00:00,LIT,1/14/2013,21:00:00,DFW
58243,"Bamfield,Carlota",100160,AMERICAN AIRLINES,2697,1/14/2013,16:00:00,LIT,1/14/2013,21:00:00,DFW
58244,"Bamfield,Carlota",100160,DELTA AIR LINES INC.,2071,1/14/2013,16:00:00,SEA,1/14/2013,20:00:00,SLC
58245,"Bamfield,Carlota",100160,DELTA AIR LINES INC.,2986,2/13/2013,16:00:00,DCA,2/13/2013,20:00:00,MSP
58246,"Bamfield,Carlota",100160,DELTA AIR LINES INC.,2986,2/13/2013,16:00:00,DCA,2/13/2013,19:00:00,MSP
144292,"Crutchley,Corrin",100435,DELTA AIR LINES INC.,4475,3/1/2010,16:00:00,MCI,3/1/2010,19:00:00,MEM
144293,"Crutchley,Corrin",100435,CONTINENTAL AIRLINES,673,3/31/2010,16:00:00,ORD,3/31/2010,20:00:00,MCO
144294,"Crutchley,Corrin",100435,AIRTRAN AIRWAYS INC,15,3/31/2010,16:00:00,MCO,3/31/2010,19:00:00,SJU
144295,"Crutchley,Corrin",100435,DELTA AIR LINES INC.,5351,3/31/2010,16:00:00,ATL,3/31/2010,21:00:00,HOU
144296,"Crutchley,Corrin",100435,UNITED AIRLINES,5620,3/31/2010,16:00:00,DFW,3/31/2010,21:00:00,LAX
144297,"Crutchley,Corrin",100435,DELTA AIR LINES INC.,5351,4/30/2010,16:00:00,ATL,4/30/2010,20:00:00,HOU
144298,"Crutchley,Corrin",100435,US AIRWAYS,2695,7/29/2010,16:00:00,CLT,7/29/2010,19:00:00,CHS
144299,"Crutchley,Corrin",100435,US AIRWAYS,6864,7/29/2010,16:00:00,DEN,7/29/2010,20:00:00,IAD
144300,"Crutchley,Corrin",100435,UNITED AIRLINES,6525,8/28/2010,16:00:00,SAN,8/28/2010,19:00:00,DEN
144301,"Crutchley,Corrin",100435,AIRTRAN AIRWAYS INC,621,8/28/2010,16:00:00,MKE,8/28/2010,20:00:00,ATL
144302,"Crutchley,Corrin",100435,US AIRWAYS,3611,8/28/2010,16:00:00,LGA,8/28/2010,21:00:00,BUF
144303,"Crutchley,Corrin",100435,UNITED AIRLINES,5620,8/28/2010,16:00:00,DFW,8/28/2010,20:00:00,LAX
144304,"Crutchley,Corrin",100435,DELTA AIR LINES INC.,4312,9/27/2010,16:00:00,HSV,9/27/2010,21:00:00,DTW
144305,"Crutchley,Corrin",100435,SOUTHWEST AIRLINES CO. INC.,1934,9/27/2010,16:00:00,BUR,9/27/2010,20:00:00,LAS
144306,"Crutchley,Corrin",100435,UNITED AIRLINES,7301,9/27/2010,16:00:00,PVD,9/27/2010,20:00:00,IAD
144307,"Crutchley,Corrin",100435,UNITED AIRLINES,7301,9/27/2010,16:00:00,PVD,9/27/2010,19:00:00,IAD
144308,"Crutchley,Corrin",100435,UNITED AIRLINES,1614,11/26/2010,16:00:00,PHL,11/26/2010,21:00:00,MCO
144309,"Crutchley,Corrin",100435,DELTA AIR LINES INC.,1742,11/26/2010,16:00:00,MSP,11/26/2010,20:00:00,DFW
144310,"Crutchley,Corrin",100435,DELTA AIR LINES INC.,1742,11/26/2010,16:00:00,MSP,11/26/2010,20:00:00,DFW
144311,"Crutchley,Corrin",100435,CONTINENTAL AIRLINES,673,1/25/2011,16:00:00,ORD,1/25/2011,21:00:00,MCO
144312,"Crutchley,Corrin",100435,DELTA AIR LINES INC.,5351,5/25/2011,16:00:00,ATL,5/25/2011,21:00:00,HOU
144313,"Crutchley,Corrin",100435,SOUTHWEST AIRLINES CO. INC.,1934,5/25/2011,16:00:00,BUR,5/25/2011,21:00:00,LAS
144314,"Crutchley,Corrin",100435,DELTA AIR LINES INC.,4475,5/25/2011,16:00:00,MCI,5/25/2011,19:00:00,MEM
144315,"Crutchley,Corrin",100435,CONTINENTAL AIRLINES,1265,8/23/2011,16:00:00,PHX,8/23/2011,21:00:00,EWR
144316,"Crutchley,Corrin",100435,UNITED AIRLINES,6525,11/21/2011,16:00:00,SAN,11/21/2011,19:00:00,DEN
144317,"Crutchley,Corrin",100435,UNITED AIRLINES,5620,11/21/2011,16:00:00,DFW,11/21/2011,20:00:00,LAX
144318,"Crutchley,Corrin",100435,CONTINENTAL AIRLINES,673,11/21/2011,16:00:00,ORD,11/21/2011,21:00:00,MCO
144319,"Crutchley,Corrin",100435,US AIRWAYS,4463,11/21/2011,16:00:00,PVD,11/21/2011,20:00:00,LGA
144320,"Crutchley,Corrin",100435,LUFTHANSA GERMAN AIRLINES,9363,11/21/2011,16:00:00,MCO,11/21/2011,21:00:00,IAD
144321,"Crutchley,Corrin",100435,UNITED AIRLINES,1614,12/21/2011,16:00:00,PHL,12/21/2011,20:00:00,MCO
144322,"Crutchley,Corrin",100435,UNITED AIRLINES,6525,12/21/2011,16:00:00,SAN,12/21/2011,19:00:00,DEN
144323,"Crutchley,Corrin",100435,UNITED AIRLINES,7301,2/19/2012,16:00:00,PVD,2/19/2012,19:00:00,IAD
144324,"Crutchley,Corrin",100435,CONTINENTAL AIRLINES,673,3/20/2012,16:00:00,ORD,3/20/2012,19:00:00,MCO
144325,"Crutchley,Corrin",100435,AIR CANADA,847,5/19/2012,16:00:00,MUC,5/19/2012,19:00:00,YYZ
144326,"Crutchley,Corrin",100435,AIR CANADA,847,5/19/2012,16:00:00,MUC,5/19/2012,19:00:00,YYZ
144327,"Crutchley,Corrin",100435,DELTA AIR LINES INC.,4475,5/19/2012,16:00:00,MCI,5/19/2012,20:00:00,MEM
144328,"Crutchley,Corrin",100435,DELTA AIR LINES INC.,1742,6/18/2012,16:00:00,MSP,6/18/2012,21:00:00,DFW
144329,"Crutchley,Corrin",100435,CONTINENTAL AIRLINES,673,7/18/2012,16:00:00,ORD,7/18/2012,21:00:00,MCO
144330,"Crutchley,Corrin",100435,SOUTHWEST AIRLINES CO. INC.,518,8/17/2012,16:00:00,MDW,8/17/2012,21:00:00,CLE
144331,"Crutchley,Corrin",100435,CONTINENTAL AIRLINES,1265,9/16/2012,16:00:00,PHX,9/16/2012,20:00:00,EWR
144332,"Crutchley,Corrin",100435,US AIRWAYS,4463,11/15/2012,16:00:00,PVD,11/15/2012,20:00:00,LGA
144333,"Crutchley,Corrin",100435,AIRTRAN AIRWAYS INC,15,2/13/2013,16:00:00,MCO,2/13/2013,21:00:00,SJU
144334,"Crutchley,Corrin",100435,CONTINENTAL AIRLINES,673,2/13/2013,16:00:00,ORD,2/13/2013,20:00:00,MCO
144335,"Crutchley,Corrin",100435,DELTA AIR LINES INC.,5351,2/13/2013,16:00:00,ATL,2/13/2013,19:00:00,HOU
144559,"Broadus,Lauretta",100450,SOUTHWEST AIRLINES CO. INC.,3923,1/30/2010,16:00:00,MSP,1/30/2010,21:00:00,MDW
144560,"Broadus,Lauretta",100450,UNITED AIRLINES,8071,4/30/2010,16:00:00,IAD,4/30/2010,21:00:00,ROC
144561,"Broadus,Lauretta",100450,UNITED AIRLINES,6078,9/27/2010,16:00:00,ORD,9/27/2010,21:00:00,LEX
144562,"Broadus,Lauretta",100450,DELTA AIR LINES INC.,1411,9/27/2010,16:00:00,DCA,9/27/2010,19:00:00,DEN
144563,"Broadus,Lauretta",100450,UNITED AIRLINES,5586,9/27/2010,16:00:00,DEN,9/27/2010,21:00:00,SBA
144564,"Broadus,Lauretta",100450,AMERICAN AIRLINES,389,12/26/2010,16:00:00,XNA,12/26/2010,20:00:00,ABQ
144565,"Broadus,Lauretta",100450,DELTA AIR LINES INC.,1411,3/26/2011,16:00:00,DCA,3/26/2011,21:00:00,DEN
144566,"Broadus,Lauretta",100450,US AIRWAYS,3024,4/25/2011,16:00:00,BWI,4/25/2011,21:00:00,LGA
144567,"Broadus,Lauretta",100450,SOUTHWEST AIRLINES CO. INC.,3923,4/25/2011,16:00:00,MSP,4/25/2011,20:00:00,MDW
144568,"Broadus,Lauretta",100450,SOUTHWEST AIRLINES CO. INC.,3923,4/25/2011,16:00:00,MSP,4/25/2011,21:00:00,MDW
144569,"Broadus,Lauretta",100450,UNITED AIRLINES,6078,5/25/2011,16:00:00,ORD,5/25/2011,21:00:00,LEX
144570,"Broadus,Lauretta",100450,UNITED AIRLINES,1603,5/25/2011,16:00:00,MSY,5/25/2011,21:00:00,IAH
144571,"Broadus,Lauretta",100450,UNITED AIRLINES,1603,5/25/2011,16:00:00,MSY,5/25/2011,21:00:00,IAH
144572,"Broadus,Lauretta",100450,DELTA AIR LINES INC.,3604,5/25/2011,16:00:00,DTW,5/25/2011,20:00:00,BWI
144573,"Broadus,Lauretta",100450,UNITED AIRLINES,6078,7/24/2011,16:00:00,ORD,7/24/2011,19:00:00,LEX
144574,"Broadus,Lauretta",100450,SOUTHWEST AIRLINES CO. INC.,992,10/22/2011,16:00:00,LAS,10/22/2011,19:00:00,ELP
144575,"Broadus,Lauretta",100450,UNITED AIRLINES,6449,12/21/2011,16:00:00,DEN,12/21/2011,19:00:00,SLC
144576,"Broadus,Lauretta",100450,UNITED AIRLINES,5586,12/21/2011,16:00:00,DEN,12/21/2011,20:00:00,SBA
144577,"Broadus,Lauretta",100450,DELTA AIR LINES INC.,3099,12/21/2011,16:00:00,BUF,12/21/2011,21:00:00,JFK
144578,"Broadus,Lauretta",100450,CONTINENTAL AIRLINES,2086,2/19/2012,16:00:00,LIT,2/19/2012,20:00:00,EWR
144579,"Broadus,Lauretta",100450,SOUTHWEST AIRLINES CO. INC.,992,4/19/2012,16:00:00,LAS,4/19/2012,20:00:00,ELP
144580,"Broadus,Lauretta",100450,DELTA AIR LINES INC.,7320,4/19/2012,16:00:00,LGA,4/19/2012,19:00:00,PWM
144581,"Broadus,Lauretta",100450,AMERICAN AIRLINES,389,4/19/2012,16:00:00,XNA,4/19/2012,20:00:00,ABQ
144582,"Broadus,Lauretta",100450,AMERICAN AIRLINES,389,5/19/2012,16:00:00,XNA,5/19/2012,19:00:00,ABQ
144583,"Broadus,Lauretta",100450,AMERICAN AIRLINES,1636,5/19/2012,16:00:00,FAT,5/19/2012,19:00:00,DFW
144584,"Broadus,Lauretta",100450,CONTINENTAL AIRLINES,2086,5/19/2012,16:00:00,LIT,5/19/2012,20:00:00,EWR
144585,"Broadus,Lauretta",100450,UNITED AIRLINES,1603,5/19/2012,16:00:00,MSY,5/19/2012,21:00:00,IAH
144586,"Broadus,Lauretta",100450,US AIRWAYS,3024,5/19/2012,16:00:00,BWI,5/19/2012,21:00:00,LGA
144587,"Broadus,Lauretta",100450,DELTA AIR LINES INC.,7320,7/18/2012,16:00:00,LGA,7/18/2012,20:00:00,PWM
144588,"Broadus,Lauretta",100450,DELTA AIR LINES INC.,4872,8/17/2012,16:00:00,MCO,8/17/2012,19:00:00,RDU
144589,"Broadus,Lauretta",100450,AMERICAN AIRLINES,1636,10/16/2012,16:00:00,FAT,10/16/2012,20:00:00,DFW
144590,"Broadus,Lauretta",100450,UNITED AIRLINES,6449,10/16/2012,16:00:00,DEN,10/16/2012,21:00:00,SLC
144591,"Broadus,Lauretta",100450,DELTA AIR LINES INC.,7320,10/16/2012,16:00:00,LGA,10/16/2012,20:00:00,PWM
144592,"Broadus,Lauretta",100450,SOUTHWEST AIRLINES CO. INC.,846,10/16/2012,16:00:00,OAK,10/16/2012,21:00:00,BUR
144593,"Broadus,Lauretta",100450,UNITED AIRLINES,8071,11/15/2012,16:00:00,IAD,11/15/2012,20:00:00,ROC
144594,"Broadus,Lauretta",100450,AMERICAN AIRLINES,389,11/15/2012,16:00:00,XNA,11/15/2012,21:00:00,ABQ
144595,"Broadus,Lauretta",100450,SOUTHWEST AIRLINES CO. INC.,846,1/14/2013,16:00:00,OAK,1/14/2013,20:00:00,BUR
144596,"Broadus,Lauretta",100450,UNITED AIRLINES,3525,1/14/2013,16:00:00,PIT,1/14/2013,19:00:00,ORD
144597,"Broadus,Lauretta",100450,SOUTHWEST AIRLINES CO. INC.,501,1/14/2013,16:00:00,ISP,1/14/2013,19:00:00,BWI
227943,"Mcpeters,Pei",100523,DELTA AIR LINES INC.,6090,3/1/2010,16:00:00,ORF,3/1/2010,20:00:00,JFK
227944,"Mcpeters,Pei",100523,SOUTHWEST AIRLINES CO. INC.,5007,3/1/2010,16:00:00,MCO,3/1/2010,20:00:00,SAT
227945,"Mcpeters,Pei",100523,DELTA AIR LINES INC.,1182,3/1/2010,16:00:00,SLC,3/1/2010,21:00:00,STL
227946,"Mcpeters,Pei",100523,US AIRWAYS,3294,3/1/2010,16:00:00,IND,3/1/2010,21:00:00,SYR
227947,"Mcpeters,Pei",100523,UNITED AIRLINES,1547,3/31/2010,16:00:00,CLE,3/31/2010,20:00:00,IAH
227948,"Mcpeters,Pei",100523,SOUTHWEST AIRLINES CO. INC.,5007,7/29/2010,16:00:00,MCO,7/29/2010,20:00:00,SAT
227949,"Mcpeters,Pei",100523,US AIRWAYS,3294,7/29/2010,16:00:00,IND,7/29/2010,19:00:00,SYR
227950,"Mcpeters,Pei",100523,US AIRWAYS,3294,7/29/2010,16:00:00,IND,7/29/2010,21:00:00,SYR
227951,"Mcpeters,Pei",100523,SOUTHWEST AIRLINES CO. INC.,915,7/29/2010,16:00:00,SFO,7/29/2010,20:00:00,SNA
227952,"Mcpeters,Pei",100523,US AIRWAYS,64,7/29/2010,16:00:00,CLT,7/29/2010,20:00:00,BOS
227953,"Mcpeters,Pei",100523,UNITED AIRLINES,4464,9/27/2010,16:00:00,AUS,9/27/2010,21:00:00,IAH
227954,"Mcpeters,Pei",100523,SOUTHWEST AIRLINES CO. INC.,987,11/26/2010,16:00:00,TUS,11/26/2010,19:00:00,ABQ
227955,"Mcpeters,Pei",100523,SOUTHWEST AIRLINES CO. INC.,114,12/26/2010,16:00:00,MDW,12/26/2010,19:00:00,ABQ
227956,"Mcpeters,Pei",100523,SOUTHWEST AIRLINES CO. INC.,987,3/26/2011,16:00:00,TUS,3/26/2011,21:00:00,ABQ
227957,"Mcpeters,Pei",100523,DELTA AIR LINES INC.,667,5/25/2011,16:00:00,BHM,5/25/2011,19:00:00,ATL
227958,"Mcpeters,Pei",100523,UNITED AIRLINES,4464,5/25/2011,16:00:00,AUS,5/25/2011,21:00:00,IAH
227959,"Mcpeters,Pei",100523,UNITED AIRLINES,4464,5/25/2011,16:00:00,AUS,5/25/2011,19:00:00,IAH
227960,"Mcpeters,Pei",100523,US AIRWAYS,8597,6/24/2011,16:00:00,KOA,6/24/2011,21:00:00,HNL
227961,"Mcpeters,Pei",100523,DELTA AIR LINES INC.,4047,6/24/2011,16:00:00,ATL,6/24/2011,20:00:00,SYR
227962,"Mcpeters,Pei",100523,DELTA AIR LINES INC.,1182,6/24/2011,16:00:00,SLC,6/24/2011,20:00:00,STL
227963,"Mcpeters,Pei",100523,UNITED AIRLINES,4464,6/24/2011,16:00:00,AUS,6/24/2011,21:00:00,IAH
227964,"Mcpeters,Pei",100523,DELTA AIR LINES INC.,1182,6/24/2011,16:00:00,SLC,6/24/2011,19:00:00,STL
227965,"Mcpeters,Pei",100523,SOUTHWEST AIRLINES CO. INC.,114,7/24/2011,16:00:00,MDW,7/24/2011,19:00:00,ABQ
227966,"Mcpeters,Pei",100523,DELTA AIR LINES INC.,5218,10/22/2011,16:00:00,ATL,10/22/2011,21:00:00,LEX
227967,"Mcpeters,Pei",100523,DELTA AIR LINES INC.,667,10/22/2011,16:00:00,BHM,10/22/2011,21:00:00,ATL
227968,"Mcpeters,Pei",100523,DELTA AIR LINES INC.,6125,10/22/2011,16:00:00,IAD,10/22/2011,21:00:00,DTW
227969,"Mcpeters,Pei",100523,US AIRWAYS,8597,2/19/2012,16:00:00,KOA,2/19/2012,21:00:00,HNL
227970,"Mcpeters,Pei",100523,AMERICAN AIRLINES,1279,2/19/2012,16:00:00,MCI,2/19/2012,19:00:00,DFW
227971,"Mcpeters,Pei",100523,AMERICAN AIRLINES,1279,2/19/2012,16:00:00,MCI,2/19/2012,21:00:00,DFW
227972,"Mcpeters,Pei",100523,US AIRWAYS,3294,2/19/2012,16:00:00,IND,2/19/2012,19:00:00,SYR
227973,"Mcpeters,Pei",100523,UNITED AIRLINES,1547,2/19/2012,16:00:00,CLE,2/19/2012,20:00:00,IAH
227974,"Mcpeters,Pei",100523,AMERICAN AIRLINES,1279,9/16/2012,16:00:00,MCI,9/16/2012,20:00:00,DFW
227975,"Mcpeters,Pei",100523,SOUTHWEST AIRLINES CO. INC.,915,9/16/2012,16:00:00,SFO,9/16/2012,21:00:00,SNA
227976,"Mcpeters,Pei",100523,UNITED AIRLINES,548,9/16/2012,16:00:00,KOA,9/16/2012,20:00:00,LAX
227977,"Mcpeters,Pei",100523,SOUTHWEST AIRLINES CO. INC.,1582,11/15/2012,16:00:00,BDL,11/15/2012,21:00:00,BWI
227978,"Mcpeters,Pei",100523,SOUTHWEST AIRLINES CO. INC.,915,11/15/2012,16:00:00,SFO,11/15/2012,21:00:00,SNA
227979,"Mcpeters,Pei",100523,DELTA AIR LINES INC.,1054,1/14/2013,16:00:00,MSP,1/14/2013,20:00:00,ATL
227980,"Mcpeters,Pei",100523,UNITED AIRLINES,1188,1/14/2013,16:00:00,EWR,1/14/2013,19:00:00,SFO
227981,"Mcpeters,Pei",100523,DELTA AIR LINES INC.,1602,1/14/2013,16:00:00,LAS,1/14/2013,20:00:00,ATL
227982,"Mcpeters,Pei",100523,SOUTHWEST AIRLINES CO. INC.,5007,2/13/2013,16:00:00,MCO,2/13/2013,20:00:00,SAT
227983,"Mcpeters,Pei",100523,UNITED AIRLINES,1188,2/13/2013,16:00:00,EWR,2/13/2013,19:00:00,SFO
227984,"Mcpeters,Pei",100523,SOUTHWEST AIRLINES CO. INC.,915,2/13/2013,16:00:00,SFO,2/13/2013,20:00:00,SNA
227985,"Mcpeters,Pei",100523,SOUTHWEST AIRLINES CO. INC.,987,2/13/2013,16:00:00,TUS,2/13/2013,21:00:00,ABQ
227986,"Mcpeters,Pei",100523,SOUTHWEST AIRLINES CO. INC.,5007,2/13/2013,16:00:00,MCO,2/13/2013,21:00:00,SAT
315307,"Bulin,Sheryl",100541,DELTA AIR LINES INC.,6763,3/1/2010,16:00:00,JFK,3/1/2010,20:00:00,SYR
315308,"Bulin,Sheryl",100541,CONTINENTAL AIRLINES,6925,3/1/2010,16:00:00,DFW,3/1/2010,20:00:00,DEN
315309,"Bulin,Sheryl",100541,UNITED AIRLINES,2871,3/1/2010,16:00:00,ORD,3/1/2010,20:00:00,PHX
315310,"Bulin,Sheryl",100541,DELTA AIR LINES INC.,6763,3/1/2010,16:00:00,JFK,3/1/2010,20:00:00,SYR
315311,"Bulin,Sheryl",100541,US AIRWAYS,3928,3/1/2010,16:00:00,MYR,3/1/2010,19:00:00,PHL
315312,"Bulin,Sheryl",100541,LUFTHANSA GERMAN AIRLINES,3215,4/30/2010,16:00:00,TBS,4/30/2010,21:00:00,MUC
315313,"Bulin,Sheryl",100541,CONTINENTAL AIRLINES,2328,4/30/2010,16:00:00,IAH,4/30/2010,20:00:00,OMA
315314,"Bulin,Sheryl",100541,DELTA AIR LINES INC.,1648,5/30/2010,16:00:00,OAK,5/30/2010,19:00:00,SLC
315315,"Bulin,Sheryl",100541,CONTINENTAL AIRLINES,2328,5/30/2010,16:00:00,IAH,5/30/2010,19:00:00,OMA
315316,"Bulin,Sheryl",100541,UNITED AIRLINES,2871,6/29/2010,16:00:00,ORD,6/29/2010,19:00:00,PHX
315317,"Bulin,Sheryl",100541,US AIRWAYS,245,7/29/2010,16:00:00,PHX,7/29/2010,19:00:00,YYC
315318,"Bulin,Sheryl",100541,DELTA AIR LINES INC.,132,7/29/2010,16:00:00,SFO,7/29/2010,21:00:00,JFK
315319,"Bulin,Sheryl",100541,UNITED AIRLINES,2871,11/26/2010,16:00:00,ORD,11/26/2010,21:00:00,PHX
315320,"Bulin,Sheryl",100541,DELTA AIR LINES INC.,132,11/26/2010,16:00:00,SFO,11/26/2010,21:00:00,JFK
315321,"Bulin,Sheryl",100541,SOUTHWEST AIRLINES CO. INC.,3135,11/26/2010,16:00:00,DAL,11/26/2010,20:00:00,SAT
315322,"Bulin,Sheryl",100541,JET BLUE,489,11/26/2010,16:00:00,BOS,11/26/2010,20:00:00,DEN
315323,"Bulin,Sheryl",100541,CONTINENTAL AIRLINES,1991,11/26/2010,16:00:00,IAH,11/26/2010,20:00:00,DEN
315324,"Bulin,Sheryl",100541,DELTA AIR LINES INC.,4360,2/24/2011,16:00:00,BHM,2/24/2011,19:00:00,DTW
315325,"Bulin,Sheryl",100541,DELTA AIR LINES INC.,1648,2/24/2011,16:00:00,OAK,2/24/2011,20:00:00,SLC
315326,"Bulin,Sheryl",100541,DELTA AIR LINES INC.,5766,2/24/2011,16:00:00,YXE,2/24/2011,20:00:00,MSP
315327,"Bulin,Sheryl",100541,DELTA AIR LINES INC.,132,2/24/2011,16:00:00,SFO,2/24/2011,19:00:00,JFK
315328,"Bulin,Sheryl",100541,CONTINENTAL AIRLINES,3289,6/24/2011,16:00:00,CLE,6/24/2011,21:00:00,DCA
315329,"Bulin,Sheryl",100541,DELTA AIR LINES INC.,5729,7/24/2011,16:00:00,DCA,7/24/2011,19:00:00,CVG
315330,"Bulin,Sheryl",100541,UNITED AIRLINES,5920,11/21/2011,16:00:00,TYS,11/21/2011,20:00:00,IAD
315331,"Bulin,Sheryl",100541,UNITED AIRLINES,2871,11/21/2011,16:00:00,ORD,11/21/2011,19:00:00,PHX
315332,"Bulin,Sheryl",100541,UNITED AIRLINES,659,11/21/2011,16:00:00,SMF,11/21/2011,19:00:00,DEN
315333,"Bulin,Sheryl",100541,SOUTHWEST AIRLINES CO. INC.,3135,12/21/2011,16:00:00,DAL,12/21/2011,21:00:00,SAT
315334,"Bulin,Sheryl",100541,DELTA AIR LINES INC.,6763,2/19/2012,16:00:00,JFK,2/19/2012,19:00:00,SYR
315335,"Bulin,Sheryl",100541,US AIRWAYS,245,7/18/2012,16:00:00,PHX,7/18/2012,19:00:00,YYC
315336,"Bulin,Sheryl",100541,DELTA AIR LINES INC.,5766,11/15/2012,16:00:00,YXE,11/15/2012,20:00:00,MSP
315337,"Bulin,Sheryl",100541,DELTA AIR LINES INC.,5766,11/15/2012,16:00:00,YXE,11/15/2012,19:00:00,MSP
315338,"Bulin,Sheryl",100541,US AIRWAYS,245,11/15/2012,16:00:00,PHX,11/15/2012,20:00:00,YYC
315339,"Bulin,Sheryl",100541,JET BLUE,489,11/15/2012,16:00:00,BOS,11/15/2012,19:00:00,DEN
315340,"Bulin,Sheryl",100541,DELTA AIR LINES INC.,1449,11/15/2012,16:00:00,JFK,11/15/2012,21:00:00,SLC
315341,"Bulin,Sheryl",100541,DELTA AIR LINES INC.,5766,1/14/2013,16:00:00,YXE,1/14/2013,21:00:00,MSP
82295,"Ingles,Rosaline",100725,UNITED AIRLINES,5761,3/31/2010,16:00:00,IAD,3/31/2010,20:00:00,DAY
82296,"Ingles,Rosaline",100725,SOUTHWEST AIRLINES CO. INC.,481,3/31/2010,16:00:00,OAK,3/31/2010,20:00:00,BUR
82297,"Ingles,Rosaline",100725,DELTA AIR LINES INC.,1849,3/31/2010,16:00:00,MCI,3/31/2010,21:00:00,MSP
82298,"Ingles,Rosaline",100725,UNITED AIRLINES,1438,4/30/2010,16:00:00,DCA,4/30/2010,20:00:00,IAH
82299,"Ingles,Rosaline",100725,UNITED AIRLINES,952,5/30/2010,16:00:00,SFO,5/30/2010,20:00:00,DEN
82300,"Ingles,Rosaline",100725,QATAR AIRWAYS W.L.L.,161,6/29/2010,16:00:00,BAH,6/29/2010,21:00:00,DOH
82301,"Ingles,Rosaline",100725,DELTA AIR LINES INC.,4981,6/29/2010,16:00:00,DTW,6/29/2010,20:00:00,BDL
82302,"Ingles,Rosaline",100725,SOUTHWEST AIRLINES CO. INC.,481,6/29/2010,16:00:00,OAK,6/29/2010,21:00:00,BUR
82303,"Ingles,Rosaline",100725,CONTINENTAL AIRLINES,1748,7/29/2010,16:00:00,IAH,7/29/2010,21:00:00,AUS
82304,"Ingles,Rosaline",100725,DELTA AIR LINES INC.,5765,9/27/2010,16:00:00,MSP,9/27/2010,19:00:00,MSY
82305,"Ingles,Rosaline",100725,DELTA AIR LINES INC.,4981,9/27/2010,16:00:00,DTW,9/27/2010,21:00:00,BDL
82306,"Ingles,Rosaline",100725,UNITED AIRLINES,1438,9/27/2010,16:00:00,DCA,9/27/2010,19:00:00,IAH
82307,"Ingles,Rosaline",100725,SOUTHWEST AIRLINES CO. INC.,481,9/27/2010,16:00:00,OAK,9/27/2010,19:00:00,BUR
82308,"Ingles,Rosaline",100725,UNITED AIRLINES,1438,10/27/2010,16:00:00,DCA,10/27/2010,20:00:00,IAH
82309,"Ingles,Rosaline",100725,AIR FRANCE,7673,1/25/2011,16:00:00,MRS,1/25/2011,21:00:00,CDG
82310,"Ingles,Rosaline",100725,CONTINENTAL AIRLINES,1748,5/25/2011,16:00:00,IAH,5/25/2011,19:00:00,AUS
82311,"Ingles,Rosaline",100725,UNITED AIRLINES,6219,5/25/2011,16:00:00,SBA,5/25/2011,20:00:00,SFO
82312,"Ingles,Rosaline",100725,UNITED AIRLINES,6128,11/21/2011,16:00:00,ABQ,11/21/2011,21:00:00,DEN
82313,"Ingles,Rosaline",100725,DELTA AIR LINES INC.,95,4/19/2012,16:00:00,JFK,4/19/2012,19:00:00,MCO
82314,"Ingles,Rosaline",100725,AMERICAN AIRLINES,7373,5/19/2012,16:00:00,SYD,5/19/2012,20:00:00,ADL
82315,"Ingles,Rosaline",100725,UNITED AIRLINES,6128,5/19/2012,16:00:00,ABQ,5/19/2012,21:00:00,DEN
82316,"Ingles,Rosaline",100725,UNITED AIRLINES,952,5/19/2012,16:00:00,SFO,5/19/2012,21:00:00,DEN
82317,"Ingles,Rosaline",100725,AMERICAN AIRLINES,471,8/17/2012,16:00:00,DFW,8/17/2012,21:00:00,ICT
82318,"Ingles,Rosaline",100725,AIR FRANCE,7673,10/16/2012,16:00:00,MRS,10/16/2012,20:00:00,CDG
82319,"Ingles,Rosaline",100725,QATAR AIRWAYS W.L.L.,161,10/16/2012,16:00:00,BAH,10/16/2012,20:00:00,DOH
82320,"Ingles,Rosaline",100725,DELTA AIR LINES INC.,3938,10/16/2012,16:00:00,ECP,10/16/2012,21:00:00,ATL
82321,"Ingles,Rosaline",100725,UNITED AIRLINES,1438,11/15/2012,16:00:00,DCA,11/15/2012,21:00:00,IAH
82322,"Ingles,Rosaline",100725,UNITED AIRLINES,6442,11/15/2012,16:00:00,DFW,11/15/2012,21:00:00,SFO
82323,"Ingles,Rosaline",100725,QATAR AIRWAYS W.L.L.,161,11/15/2012,16:00:00,BAH,11/15/2012,21:00:00,DOH
82324,"Ingles,Rosaline",100725,UNITED AIRLINES,6219,1/14/2013,16:00:00,SBA,1/14/2013,19:00:00,SFO
356869,"Mifflin,Donella",100791,SOUTHWEST AIRLINES CO. INC.,812,1/30/2010,16:00:00,MDW,1/30/2010,21:00:00,ABQ
356870,"Mifflin,Donella",100791,UNITED AIRLINES,9033,5/30/2010,16:00:00,MXP,5/30/2010,20:00:00,FRA
356871,"Mifflin,Donella",100791,UNITED AIRLINES,3539,5/30/2010,16:00:00,IND,5/30/2010,21:00:00,IAD
356872,"Mifflin,Donella",100791,ASIANA AIRWAYS,302,5/30/2010,16:00:00,DLC,5/30/2010,21:00:00,ICN
356873,"Mifflin,Donella",100791,CATHAY PACIFIC AIRWAYS LTD.,533,5/30/2010,16:00:00,NGO,5/30/2010,19:00:00,HKG
356874,"Mifflin,Donella",100791,UNITED AIRLINES,545,5/30/2010,16:00:00,IAD,5/30/2010,19:00:00,SFO
356875,"Mifflin,Donella",100791,SOUTHWEST AIRLINES CO. INC.,972,6/29/2010,16:00:00,DEN,6/29/2010,21:00:00,DAY
356876,"Mifflin,Donella",100791,US AIRWAYS,1437,9/27/2010,16:00:00,CLT,9/27/2010,21:00:00,SFO
356877,"Mifflin,Donella",100791,AMERICAN AIRLINES,1020,10/27/2010,16:00:00,MCI,10/27/2010,21:00:00,DFW
356878,"Mifflin,Donella",100791,UNITED AIRLINES,1068,10/27/2010,16:00:00,IAH,10/27/2010,19:00:00,BWI
356879,"Mifflin,Donella",100791,EVA AIRWAYS,772,10/27/2010,16:00:00,TSA,10/27/2010,20:00:00,SHA
356880,"Mifflin,Donella",100791,DELTA AIR LINES INC.,4683,1/25/2011,16:00:00,LSE,1/25/2011,19:00:00,MSP
356881,"Mifflin,Donella",100791,ETIHAD AIRWAYS,653,1/25/2011,16:00:00,AUH,1/25/2011,20:00:00,CAI
356882,"Mifflin,Donella",100791,US AIRWAYS,1437,1/25/2011,16:00:00,CLT,1/25/2011,21:00:00,SFO
356883,"Mifflin,Donella",100791,AMERICAN AIRLINES,4393,3/26/2011,16:00:00,ORD,3/26/2011,20:00:00,CWA
356884,"Mifflin,Donella",100791,DELTA AIR LINES INC.,4683,4/25/2011,16:00:00,LSE,4/25/2011,21:00:00,MSP
356885,"Mifflin,Donella",100791,UNITED AIRLINES,3798,4/25/2011,16:00:00,ORD,4/25/2011,19:00:00,ELP
356886,"Mifflin,Donella",100791,AIR CANADA,8634,4/25/2011,16:00:00,YOW,4/25/2011,21:00:00,YHZ
356887,"Mifflin,Donella",100791,AIR CANADA,8634,4/25/2011,16:00:00,YOW,4/25/2011,19:00:00,YHZ
356888,"Mifflin,Donella",100791,EVA AIRWAYS,772,5/25/2011,16:00:00,TSA,5/25/2011,20:00:00,SHA
356889,"Mifflin,Donella",100791,CATHAY PACIFIC AIRWAYS LTD.,533,5/25/2011,16:00:00,NGO,5/25/2011,21:00:00,HKG
356890,"Mifflin,Donella",100791,ETIHAD AIRWAYS,653,6/24/2011,16:00:00,AUH,6/24/2011,21:00:00,CAI
356891,"Mifflin,Donella",100791,DELTA AIR LINES INC.,3205,6/24/2011,16:00:00,MSP,6/24/2011,20:00:00,MCI
356892,"Mifflin,Donella",100791,ETIHAD AIRWAYS,653,6/24/2011,16:00:00,AUH,6/24/2011,19:00:00,CAI
356893,"Mifflin,Donella",100791,DELTA AIR LINES INC.,4683,6/24/2011,16:00:00,LSE,6/24/2011,20:00:00,MSP
356894,"Mifflin,Donella",100791,UNITED AIRLINES,7192,6/24/2011,16:00:00,YOW,6/24/2011,19:00:00,IAD
356895,"Mifflin,Donella",100791,FRONTIER AIRLINES,1335,8/23/2011,16:00:00,DEN,8/23/2011,21:00:00,ABQ
356896,"Mifflin,Donella",100791,US AIRWAYS,1437,8/23/2011,16:00:00,CLT,8/23/2011,20:00:00,SFO
356897,"Mifflin,Donella",100791,US AIRWAYS,1437,8/23/2011,16:00:00,CLT,8/23/2011,19:00:00,SFO
356898,"Mifflin,Donella",100791,ASIANA AIRWAYS,302,11/21/2011,16:00:00,DLC,11/21/2011,20:00:00,ICN
356899,"Mifflin,Donella",100791,DELTA AIR LINES INC.,4683,11/21/2011,16:00:00,LSE,11/21/2011,21:00:00,MSP
356900,"Mifflin,Donella",100791,UNITED AIRLINES,1068,11/21/2011,16:00:00,IAH,11/21/2011,20:00:00,BWI
356901,"Mifflin,Donella",100791,AMERICAN AIRLINES,1020,11/21/2011,16:00:00,MCI,11/21/2011,20:00:00,DFW
356902,"Mifflin,Donella",100791,DELTA AIR LINES INC.,1037,12/21/2011,16:00:00,ATL,12/21/2011,19:00:00,BNA
356903,"Mifflin,Donella",100791,UNITED AIRLINES,1068,2/19/2012,16:00:00,IAH,2/19/2012,19:00:00,BWI
356904,"Mifflin,Donella",100791,DELTA AIR LINES INC.,5263,4/19/2012,16:00:00,AEX,4/19/2012,19:00:00,ATL
356905,"Mifflin,Donella",100791,EVA AIRWAYS,772,4/19/2012,16:00:00,TSA,4/19/2012,21:00:00,SHA
356906,"Mifflin,Donella",100791,UNITED AIRLINES,7192,6/18/2012,16:00:00,YOW,6/18/2012,20:00:00,IAD
356907,"Mifflin,Donella",100791,AIR CANADA,8634,7/18/2012,16:00:00,YOW,7/18/2012,20:00:00,YHZ
356908,"Mifflin,Donella",100791,US AIRWAYS,1437,7/18/2012,16:00:00,CLT,7/18/2012,20:00:00,SFO
356909,"Mifflin,Donella",100791,UNITED AIRLINES,6502,7/18/2012,16:00:00,SFO,7/18/2012,19:00:00,SAT
356910,"Mifflin,Donella",100791,EVA AIRWAYS,772,7/18/2012,16:00:00,TSA,7/18/2012,19:00:00,SHA
356911,"Mifflin,Donella",100791,UNITED AIRLINES,3539,9/16/2012,16:00:00,IND,9/16/2012,19:00:00,IAD
356912,"Mifflin,Donella",100791,ASIANA AIRWAYS,302,9/16/2012,16:00:00,DLC,9/16/2012,19:00:00,ICN
356913,"Mifflin,Donella",100791,DELTA AIR LINES INC.,5263,9/16/2012,16:00:00,AEX,9/16/2012,21:00:00,ATL
356914,"Mifflin,Donella",100791,UNITED AIRLINES,545,9/16/2012,16:00:00,IAD,9/16/2012,20:00:00,SFO
356915,"Mifflin,Donella",100791,DELTA AIR LINES INC.,4683,9/16/2012,16:00:00,LSE,9/16/2012,21:00:00,MSP
356916,"Mifflin,Donella",100791,ETIHAD AIRWAYS,653,11/15/2012,16:00:00,AUH,11/15/2012,20:00:00,CAI
356917,"Mifflin,Donella",100791,AIR CANADA,8634,2/13/2013,16:00:00,YOW,2/13/2013,20:00:00,YHZ
356918,"Mifflin,Donella",100791,SOUTHWEST AIRLINES CO. INC.,812,2/13/2013,16:00:00,MDW,2/13/2013,20:00:00,ABQ
356919,"Mifflin,Donella",100791,UNITED AIRLINES,7999,2/13/2013,16:00:00,SGF,2/13/2013,20:00:00,DEN
356920,"Mifflin,Donella",100791,ETIHAD AIRWAYS,653,2/13/2013,16:00:00,AUH,2/13/2013,21:00:00,CAI
356921,"Mifflin,Donella",100791,DELTA AIR LINES INC.,4683,2/13/2013,16:00:00,LSE,2/13/2013,20:00:00,MSP
301220,"Muenkel,Kiana",101020,US AIRWAYS,6520,1/30/2010,16:00:00,SFO,1/30/2010,19:00:00,SYD
301221,"Muenkel,Kiana",101020,ROYAL AIR MAROC,672,1/30/2010,16:00:00,RAK,1/30/2010,19:00:00,LGW
301222,"Muenkel,Kiana",101020,SOUTHWEST AIRLINES CO. INC.,3307,3/1/2010,16:00:00,BHM,3/1/2010,21:00:00,MSY
301223,"Muenkel,Kiana",101020,AMERICAN AIRLINES,779,3/31/2010,16:00:00,RDU,3/31/2010,21:00:00,ORD
301224,"Muenkel,Kiana",101020,UNITED AIRLINES,8073,3/31/2010,16:00:00,CLE,3/31/2010,19:00:00,IAD
301225,"Muenkel,Kiana",101020,DELTA AIR LINES INC.,6344,4/30/2010,16:00:00,MSP,4/30/2010,19:00:00,GRB
301226,"Muenkel,Kiana",101020,DELTA AIR LINES INC.,5001,4/30/2010,16:00:00,ATL,4/30/2010,19:00:00,CAK
301227,"Muenkel,Kiana",101020,DELTA AIR LINES INC.,6344,5/30/2010,16:00:00,MSP,5/30/2010,19:00:00,GRB
301228,"Muenkel,Kiana",101020,UNITED AIRLINES,455,5/30/2010,16:00:00,SFO,5/30/2010,20:00:00,ORD
301229,"Muenkel,Kiana",101020,ROYAL AIR MAROC,672,5/30/2010,16:00:00,RAK,5/30/2010,19:00:00,LGW
301230,"Muenkel,Kiana",101020,CONTINENTAL AIRLINES,7215,5/30/2010,16:00:00,IAD,5/30/2010,19:00:00,EWR
301231,"Muenkel,Kiana",101020,CONTINENTAL AIRLINES,7215,6/29/2010,16:00:00,IAD,6/29/2010,20:00:00,EWR
301232,"Muenkel,Kiana",101020,DELTA AIR LINES INC.,4150,6/29/2010,16:00:00,JFK,6/29/2010,20:00:00,IAD
301233,"Muenkel,Kiana",101020,UNITED AIRLINES,1247,6/29/2010,16:00:00,IAH,6/29/2010,21:00:00,SAT
301234,"Muenkel,Kiana",101020,DELTA AIR LINES INC.,6344,7/29/2010,16:00:00,MSP,7/29/2010,21:00:00,GRB
301235,"Muenkel,Kiana",101020,DELTA AIR LINES INC.,6344,12/26/2010,16:00:00,MSP,12/26/2010,21:00:00,GRB
301236,"Muenkel,Kiana",101020,CONTINENTAL AIRLINES,1825,2/24/2011,16:00:00,MEX,2/24/2011,21:00:00,IAH
301237,"Muenkel,Kiana",101020,SOUTHWEST AIRLINES CO. INC.,765,3/26/2011,16:00:00,SJC,3/26/2011,20:00:00,SNA
301238,"Muenkel,Kiana",101020,DELTA AIR LINES INC.,5563,3/26/2011,16:00:00,ATL,3/26/2011,20:00:00,GSP
301239,"Muenkel,Kiana",101020,CONTINENTAL AIRLINES,2196,3/26/2011,16:00:00,RIC,3/26/2011,19:00:00,EWR
301240,"Muenkel,Kiana",101020,ROYAL AIR MAROC,672,5/25/2011,16:00:00,RAK,5/25/2011,20:00:00,LGW
301241,"Muenkel,Kiana",101020,AIR CANADA,8067,5/25/2011,16:00:00,YVR,5/25/2011,19:00:00,YYJ
301242,"Muenkel,Kiana",101020,DELTA AIR LINES INC.,2940,5/25/2011,16:00:00,DCA,5/25/2011,20:00:00,MSP
301243,"Muenkel,Kiana",101020,UNITED AIRLINES,8073,9/22/2011,16:00:00,CLE,9/22/2011,21:00:00,IAD
301244,"Muenkel,Kiana",101020,SOUTHWEST AIRLINES CO. INC.,765,9/22/2011,16:00:00,SJC,9/22/2011,20:00:00,SNA
301245,"Muenkel,Kiana",101020,CONTINENTAL AIRLINES,7215,9/22/2011,16:00:00,IAD,9/22/2011,19:00:00,EWR
301246,"Muenkel,Kiana",101020,DELTA AIR LINES INC.,4150,9/22/2011,16:00:00,JFK,9/22/2011,20:00:00,IAD
301247,"Muenkel,Kiana",101020,ROYAL AIR MAROC,672,9/22/2011,16:00:00,RAK,9/22/2011,20:00:00,LGW
301248,"Muenkel,Kiana",101020,CONTINENTAL AIRLINES,7215,8/17/2012,16:00:00,IAD,8/17/2012,21:00:00,EWR
301249,"Muenkel,Kiana",101020,DELTA AIR LINES INC.,4246,8/17/2012,16:00:00,HSV,8/17/2012,19:00:00,ATL
301250,"Muenkel,Kiana",101020,CONTINENTAL AIRLINES,1825,8/17/2012,16:00:00,MEX,8/17/2012,20:00:00,IAH
301251,"Muenkel,Kiana",101020,SOUTHWEST AIRLINES CO. INC.,765,8/17/2012,16:00:00,SJC,8/17/2012,20:00:00,SNA
301252,"Muenkel,Kiana",101020,CONTINENTAL AIRLINES,2806,8/17/2012,16:00:00,EWR,8/17/2012,19:00:00,MCI
301253,"Muenkel,Kiana",101020,ROYAL AIR MAROC,672,9/16/2012,16:00:00,RAK,9/16/2012,19:00:00,LGW
301254,"Muenkel,Kiana",101020,UNITED AIRLINES,455,9/16/2012,16:00:00,SFO,9/16/2012,21:00:00,ORD
301255,"Muenkel,Kiana",101020,SOUTHWEST AIRLINES CO. INC.,765,9/16/2012,16:00:00,SJC,9/16/2012,21:00:00,SNA
301256,"Muenkel,Kiana",101020,ROYAL AIR MAROC,672,1/14/2013,16:00:00,RAK,1/14/2013,21:00:00,LGW
301257,"Muenkel,Kiana",101020,DELTA AIR LINES INC.,4150,2/13/2013,16:00:00,JFK,2/13/2013,21:00:00,IAD
301258,"Muenkel,Kiana",101020,UNITED AIRLINES,1247,2/13/2013,16:00:00,IAH,2/13/2013,19:00:00,SAT
301259,"Muenkel,Kiana",101020,DELTA AIR LINES INC.,4246,2/13/2013,16:00:00,HSV,2/13/2013,19:00:00,ATL
150765,"Haghighi,Doug",101061,UNITED AIRLINES,886,3/1/2010,16:00:00,LAX,3/1/2010,20:00:00,DEN
150766,"Haghighi,Doug",101061,US AIRWAYS,2680,3/1/2010,16:00:00,LIT,3/1/2010,20:00:00,CLT
150767,"Haghighi,Doug",101061,US AIRWAYS,2680,3/31/2010,16:00:00,LIT,3/31/2010,21:00:00,CLT
150768,"Haghighi,Doug",101061,DELTA AIR LINES INC.,1173,3/31/2010,16:00:00,ATL,3/31/2010,20:00:00,PNS
150769,"Haghighi,Doug",101061,US AIRWAYS,2680,3/31/2010,16:00:00,LIT,3/31/2010,20:00:00,CLT
150770,"Haghighi,Doug",101061,VARIG-GOL AIRLINES,1452,3/31/2010,16:00:00,GIG,3/31/2010,21:00:00,POA
150771,"Haghighi,Doug",101061,SOUTHWEST AIRLINES CO. INC.,595,3/31/2010,16:00:00,OKC,3/31/2010,21:00:00,DAL
150772,"Haghighi,Doug",101061,US AIRWAYS,6309,8/28/2010,16:00:00,LAS,8/28/2010,19:00:00,SFO
150773,"Haghighi,Doug",101061,US AIRWAYS,6309,10/27/2010,16:00:00,LAS,10/27/2010,20:00:00,SFO
150774,"Haghighi,Doug",101061,UNITED AIRLINES,5629,10/27/2010,16:00:00,SMF,10/27/2010,20:00:00,LAX
150775,"Haghighi,Doug",101061,US AIRWAYS,3310,10/27/2010,16:00:00,PHL,10/27/2010,21:00:00,CVG
150776,"Haghighi,Doug",101061,UNITED AIRLINES,5954,1/25/2011,16:00:00,ORD,1/25/2011,21:00:00,GRB
150777,"Haghighi,Doug",101061,DELTA AIR LINES INC.,1119,2/24/2011,16:00:00,MSP,2/24/2011,21:00:00,JAX
150778,"Haghighi,Doug",101061,US AIRWAYS,3310,4/25/2011,16:00:00,PHL,4/25/2011,21:00:00,CVG
150779,"Haghighi,Doug",101061,DELTA AIR LINES INC.,4826,4/25/2011,16:00:00,DTW,4/25/2011,20:00:00,IAD
150780,"Haghighi,Doug",101061,CONTINENTAL AIRLINES,1232,7/24/2011,16:00:00,PHL,7/24/2011,20:00:00,IAH
150781,"Haghighi,Doug",101061,US AIRWAYS,1710,7/24/2011,16:00:00,MCO,7/24/2011,20:00:00,CLT
150782,"Haghighi,Doug",101061,DELTA AIR LINES INC.,1173,7/24/2011,16:00:00,ATL,7/24/2011,19:00:00,PNS
150783,"Haghighi,Doug",101061,US AIRWAYS,5790,7/24/2011,16:00:00,FRA,7/24/2011,19:00:00,OSL
150784,"Haghighi,Doug",101061,UNITED AIRLINES,5954,9/22/2011,16:00:00,ORD,9/22/2011,19:00:00,GRB
150785,"Haghighi,Doug",101061,US AIRWAYS,81,9/22/2011,16:00:00,BOI,9/22/2011,21:00:00,BWI
150786,"Haghighi,Doug",101061,CONTINENTAL AIRLINES,4462,9/22/2011,16:00:00,MEM,9/22/2011,20:00:00,EWR
150787,"Haghighi,Doug",101061,DELTA AIR LINES INC.,1173,9/22/2011,16:00:00,ATL,9/22/2011,21:00:00,PNS
150788,"Haghighi,Doug",101061,VARIG-GOL AIRLINES,1452,9/22/2011,16:00:00,GIG,9/22/2011,21:00:00,POA
150789,"Haghighi,Doug",101061,US AIRWAYS,81,10/22/2011,16:00:00,BOI,10/22/2011,19:00:00,BWI
150790,"Haghighi,Doug",101061,CONTINENTAL AIRLINES,1232,10/22/2011,16:00:00,PHL,10/22/2011,20:00:00,IAH
150791,"Haghighi,Doug",101061,UNITED AIRLINES,5954,10/22/2011,16:00:00,ORD,10/22/2011,20:00:00,GRB
150792,"Haghighi,Doug",101061,DELTA AIR LINES INC.,1173,11/21/2011,16:00:00,ATL,11/21/2011,20:00:00,PNS
150793,"Haghighi,Doug",101061,UNITED AIRLINES,5954,12/21/2011,16:00:00,ORD,12/21/2011,21:00:00,GRB
150794,"Haghighi,Doug",101061,CONTINENTAL AIRLINES,1232,12/21/2011,16:00:00,PHL,12/21/2011,19:00:00,IAH
150795,"Haghighi,Doug",101061,US AIRWAYS,6309,12/21/2011,16:00:00,LAS,12/21/2011,19:00:00,SFO
150796,"Haghighi,Doug",101061,US AIRWAYS,1710,12/21/2011,16:00:00,MCO,12/21/2011,20:00:00,CLT
150797,"Haghighi,Doug",101061,SOUTHWEST AIRLINES CO. INC.,595,2/19/2012,16:00:00,OKC,2/19/2012,20:00:00,DAL
150798,"Haghighi,Doug",101061,US AIRWAYS,3310,2/19/2012,16:00:00,PHL,2/19/2012,21:00:00,CVG
150799,"Haghighi,Doug",101061,US AIRWAYS,81,2/19/2012,16:00:00,BOI,2/19/2012,20:00:00,BWI
150800,"Haghighi,Doug",101061,DELTA AIR LINES INC.,1119,5/19/2012,16:00:00,MSP,5/19/2012,21:00:00,JAX
150801,"Haghighi,Doug",101061,UNITED AIRLINES,6165,7/18/2012,16:00:00,SYR,7/18/2012,20:00:00,ORD
150802,"Haghighi,Doug",101061,UNITED AIRLINES,5954,7/18/2012,16:00:00,ORD,7/18/2012,20:00:00,GRB
150803,"Haghighi,Doug",101061,ALASKA AIRLINES,1591,9/16/2012,16:00:00,DFW,9/16/2012,20:00:00,SFO
150804,"Haghighi,Doug",101061,UNITED AIRLINES,5516,9/16/2012,16:00:00,DFW,9/16/2012,20:00:00,SFO
150805,"Haghighi,Doug",101061,VARIG-GOL AIRLINES,1452,9/16/2012,16:00:00,GIG,9/16/2012,20:00:00,POA
150806,"Haghighi,Doug",101061,UNITED AIRLINES,5954,10/16/2012,16:00:00,ORD,10/16/2012,19:00:00,GRB
150807,"Haghighi,Doug",101061,US AIRWAYS,2461,10/16/2012,16:00:00,CLT,10/16/2012,19:00:00,VPS
150808,"Haghighi,Doug",101061,DELTA AIR LINES INC.,5045,11/15/2012,16:00:00,ATL,11/15/2012,20:00:00,MLB
150809,"Haghighi,Doug",101061,US AIRWAYS,5790,11/15/2012,16:00:00,FRA,11/15/2012,19:00:00,OSL
150810,"Haghighi,Doug",101061,DELTA AIR LINES INC.,1173,11/15/2012,16:00:00,ATL,11/15/2012,20:00:00,PNS
150811,"Haghighi,Doug",101061,US AIRWAYS,2673,11/15/2012,16:00:00,IAD,11/15/2012,19:00:00,CLT
150812,"Haghighi,Doug",101061,CONTINENTAL AIRLINES,4462,12/15/2012,16:00:00,MEM,12/15/2012,21:00:00,EWR
150813,"Haghighi,Doug",101061,ALASKA AIRLINES,1591,12/15/2012,16:00:00,DFW,12/15/2012,20:00:00,SFO
150814,"Haghighi,Doug",101061,DELTA AIR LINES INC.,1119,12/15/2012,16:00:00,MSP,12/15/2012,21:00:00,JAX
150815,"Haghighi,Doug",101061,UNITED AIRLINES,5516,1/14/2013,16:00:00,DFW,1/14/2013,21:00:00,SFO
150816,"Haghighi,Doug",101061,ALASKA AIRLINES,1591,1/14/2013,16:00:00,DFW,1/14/2013,20:00:00,SFO
150817,"Haghighi,Doug",101061,DELTA AIR LINES INC.,1119,1/14/2013,16:00:00,MSP,1/14/2013,20:00:00,JAX
148961,"Horry,Reagan",101274,AMERICAN AIRLINES,467,3/1/2010,16:00:00,DCA,3/1/2010,19:00:00,ORD
148962,"Horry,Reagan",101274,DELTA AIR LINES INC.,3927,3/1/2010,16:00:00,DTW,3/1/2010,19:00:00,ALB
148963,"Horry,Reagan",101274,DELTA AIR LINES INC.,1846,3/1/2010,16:00:00,ATL,3/1/2010,20:00:00,JAX
148964,"Horry,Reagan",101274,US AIRWAYS,7384,3/1/2010,16:00:00,ORF,3/1/2010,21:00:00,IAD
148965,"Horry,Reagan",101274,SILK AIR,542,3/31/2010,16:00:00,SIN,3/31/2010,20:00:00,CEB
148966,"Horry,Reagan",101274,SOUTHWEST AIRLINES CO. INC.,907,3/31/2010,16:00:00,LAS,3/31/2010,19:00:00,PIT
148967,"Horry,Reagan",101274,UNITED AIRLINES,5441,3/31/2010,16:00:00,DAY,3/31/2010,20:00:00,ORD
148968,"Horry,Reagan",101274,DELTA AIR LINES INC.,8219,3/31/2010,16:00:00,AMS,3/31/2010,19:00:00,TRN
148969,"Horry,Reagan",101274,DELTA AIR LINES INC.,3927,3/31/2010,16:00:00,DTW,3/31/2010,21:00:00,ALB
148970,"Horry,Reagan",101274,AMERICAN AIRLINES,1835,6/29/2010,16:00:00,DFW,6/29/2010,20:00:00,PVR
148971,"Horry,Reagan",101274,US AIRWAYS,3331,6/29/2010,16:00:00,PHL,6/29/2010,21:00:00,DCA
148972,"Horry,Reagan",101274,SOUTHWEST AIRLINES CO. INC.,907,6/29/2010,16:00:00,LAS,6/29/2010,21:00:00,PIT
148973,"Horry,Reagan",101274,SILK AIR,542,6/29/2010,16:00:00,SIN,6/29/2010,21:00:00,CEB
148974,"Horry,Reagan",101274,US AIRWAYS,7384,6/29/2010,16:00:00,ORF,6/29/2010,19:00:00,IAD
148975,"Horry,Reagan",101274,DELTA AIR LINES INC.,8219,12/26/2010,16:00:00,AMS,12/26/2010,21:00:00,TRN
148976,"Horry,Reagan",101274,SOUTHWEST AIRLINES CO. INC.,489,1/25/2011,16:00:00,PBI,1/25/2011,21:00:00,TPA
148977,"Horry,Reagan",101274,SOUTHWEST AIRLINES CO. INC.,489,4/25/2011,16:00:00,PBI,4/25/2011,20:00:00,TPA
148978,"Horry,Reagan",101274,SOUTHWEST AIRLINES CO. INC.,540,4/25/2011,16:00:00,BUR,4/25/2011,20:00:00,OAK
148979,"Horry,Reagan",101274,AMERICAN AIRLINES,1835,7/24/2011,16:00:00,DFW,7/24/2011,21:00:00,PVR
148980,"Horry,Reagan",101274,SOUTHWEST AIRLINES CO. INC.,489,7/24/2011,16:00:00,PBI,7/24/2011,21:00:00,TPA
148981,"Horry,Reagan",101274,DELTA AIR LINES INC.,5254,7/24/2011,16:00:00,MDT,7/24/2011,20:00:00,ATL
148982,"Horry,Reagan",101274,UNITED AIRLINES,5441,7/24/2011,16:00:00,DAY,7/24/2011,21:00:00,ORD
148983,"Horry,Reagan",101274,DELTA AIR LINES INC.,1561,9/22/2011,16:00:00,MSP,9/22/2011,21:00:00,MSN
148984,"Horry,Reagan",101274,UNITED AIRLINES,5441,9/22/2011,16:00:00,DAY,9/22/2011,19:00:00,ORD
148985,"Horry,Reagan",101274,AMERICAN AIRLINES,1393,9/22/2011,16:00:00,IAH,9/22/2011,20:00:00,DFW
148986,"Horry,Reagan",101274,US AIRWAYS,3090,10/22/2011,16:00:00,DCA,10/22/2011,21:00:00,PHL
148987,"Horry,Reagan",101274,UNITED AIRLINES,5164,10/22/2011,16:00:00,ABQ,10/22/2011,20:00:00,IAH
148988,"Horry,Reagan",101274,DELTA AIR LINES INC.,8219,10/22/2011,16:00:00,AMS,10/22/2011,19:00:00,TRN
148989,"Horry,Reagan",101274,DELTA AIR LINES INC.,5580,10/22/2011,16:00:00,ATL,10/22/2011,20:00:00,PHF
148990,"Horry,Reagan",101274,SOUTHWEST AIRLINES CO. INC.,489,2/19/2012,16:00:00,PBI,2/19/2012,20:00:00,TPA
148991,"Horry,Reagan",101274,US AIRWAYS,3090,9/16/2012,16:00:00,DCA,9/16/2012,19:00:00,PHL
148992,"Horry,Reagan",101274,IBERIA-LINEAS AEREAS DE ESPANA,3246,9/16/2012,16:00:00,MAD,9/16/2012,20:00:00,AMS
148993,"Horry,Reagan",101274,SILK AIR,542,9/16/2012,16:00:00,SIN,9/16/2012,21:00:00,CEB
148994,"Horry,Reagan",101274,US AIRWAYS,3331,9/16/2012,16:00:00,PHL,9/16/2012,21:00:00,DCA
148995,"Horry,Reagan",101274,DELTA AIR LINES INC.,8219,9/16/2012,16:00:00,AMS,9/16/2012,19:00:00,TRN
148996,"Horry,Reagan",101274,SOUTHWEST AIRLINES CO. INC.,2718,11/15/2012,16:00:00,PHX,11/15/2012,20:00:00,LAS
148997,"Horry,Reagan",101274,DELTA AIR LINES INC.,4598,11/15/2012,16:00:00,SFO,11/15/2012,20:00:00,SLC
148998,"Horry,Reagan",101274,DELTA AIR LINES INC.,4598,1/14/2013,16:00:00,SFO,1/14/2013,20:00:00,SLC
